county_fips,covid19_deaths,all_cause_deaths
2020,174.0,2542.0
2050,13.0,121.0
2070,,31.0
2090,32.0,592.0
2110,,169.0
2122,14.0,414.0
2130,0.0,98.0
2150,,61.0
2170,31.0,711.0
2180,0.0,65.0
2198,0.0,46.0
2220,0.0,52.0
1001,78.0,608.0
1003,213.0,2640.0
1005,29.0,319.0
1007,25.0,206.0
1009,44.0,576.0
1011,,103.0
1013,31.0,266.0
1015,255.0,1912.0
1017,31.0,436.0
1019,16.0,336.0
1021,27.0,464.0
1023,15.0,141.0
1025,,316.0
1027,34.0,232.0
1029,13.0,162.0
1031,68.0,648.0
1033,153.0,839.0
1035,,138.0
1037,,80.0
1039,93.0,659.0
1041,30.0,229.0
1043,193.0,1370.0
1045,65.0,538.0
1047,104.0,622.0
1049,103.0,894.0
1051,56.0,806.0
1053,50.0,474.0
1055,337.0,2026.0
1057,24.0,198.0
1059,26.0,374.0
1061,30.0,385.0
1065,19.0,181.0
1067,,158.0
1069,504.0,2455.0
1071,61.0,776.0
1073,1780.0,12673.0
1075,,119.0
1077,234.0,1817.0
1079,19.0,371.0
1081,254.0,1539.0
1083,101.0,1007.0
1085,,96.0
1087,,173.0
1089,565.0,5186.0
1091,41.0,317.0
1093,69.0,490.0
1095,185.0,1504.0
1097,784.0,6565.0
1099,19.0,261.0
1101,707.0,4031.0
1103,212.0,1729.0
1105,,89.0
1107,11.0,195.0
1109,62.0,388.0
1111,13.0,231.0
1113,33.0,468.0
1115,95.0,969.0
1117,154.0,1714.0
1119,,115.0
1121,109.0,1096.0
1123,102.0,680.0
1125,535.0,3018.0
1127,174.0,1238.0
1129,10.0,134.0
1131,,93.0
1133,29.0,331.0
5001,10.0,236.0
5003,10.0,219.0
5005,129.0,1107.0
5007,410.0,2447.0
5009,68.0,528.0
5011,18.0,129.0
5015,15.0,261.0
5017,20.0,130.0
5019,23.0,263.0
5021,26.0,209.0
5023,27.0,337.0
5025,,62.0
5027,46.0,319.0
5029,,230.0
5031,481.0,2706.0
5033,33.0,543.0
5035,34.0,424.0
5037,15.0,203.0
5039,13.0,100.0
5041,,129.0
5043,18.0,264.0
5045,189.0,1364.0
5047,19.0,190.0
5049,32.0,195.0
5051,317.0,2257.0
5053,11.0,144.0
5055,46.0,454.0
5057,16.0,205.0
5059,15.0,338.0
5061,16.0,159.0
5063,155.0,723.0
5065,21.0,190.0
5067,12.0,215.0
5069,157.0,1105.0
5071,20.0,256.0
5073,,74.0
5075,20.0,167.0
5077,,102.0
5079,14.0,101.0
5081,28.0,170.0
5083,17.0,263.0
5085,34.0,530.0
5087,,97.0
5089,19.0,206.0
5091,12.0,366.0
5093,39.0,454.0
5097,13.0,115.0
5099,10.0,75.0
5101,13.0,96.0
5103,39.0,347.0
5105,0.0,75.0
5107,19.0,209.0
5109,,104.0
5111,13.0,178.0
5113,57.0,279.0
5115,66.0,813.0
5117,,97.0
5119,969.0,7903.0
5121,22.0,186.0
5123,,200.0
5125,124.0,1153.0
5127,11.0,123.0
5129,11.0,88.0
5131,424.0,2852.0
5133,,18.0
5135,14.0,204.0
5137,15.0,179.0
5139,92.0,679.0
5141,,178.0
5143,422.0,2897.0
5145,140.0,1187.0
5147,,70.0
5149,27.0,213.0
4001,95.0,677.0
4003,117.0,1334.0
4005,233.0,1471.0
4007,99.0,869.0
4009,50.0,375.0
4012,19.0,315.0
4013,8733.0,52445.0
4015,533.0,4334.0
4017,164.0,1301.0
4019,2348.0,15495.0
4021,293.0,3273.0
4023,21.0,275.0
4025,367.0,3942.0
4027,656.0,2713.0
6001,1129.0,12934.0
6005,47.0,491.0
6007,217.0,2753.0
6009,18.0,446.0
6011,17.0,136.0
6013,645.0,9643.0
6015,,326.0
6017,106.0,1697.0
6019,1429.0,10396.0
6021,29.0,243.0
6023,27.0,1437.0
6025,509.0,1665.0
6027,26.0,221.0
6029,1091.0,8304.0
6031,281.0,1261.0
6033,46.0,741.0
6035,16.0,220.0
6037,17108.0,94140.0
6039,178.0,1202.0
6041,175.0,2399.0
6043,,127.0
6045,38.0,1022.0
6047,244.0,1930.0
6049,,100.0
6051,,42.0
6053,491.0,3487.0
6055,73.0,1476.0
6057,84.0,1210.0
6059,4748.0,28881.0
6061,380.0,4815.0
6063,,193.0
6065,4107.0,24132.0
6067,1362.0,15449.0
6069,48.0,374.0
6071,4205.0,22062.0
6073,3456.0,29537.0
6075,415.0,7552.0
6077,1162.0,7593.0
6079,190.0,2756.0
6081,506.0,5725.0
6083,446.0,4184.0
6085,1450.0,13784.0
6087,231.0,2118.0
6089,189.0,2991.0
6093,12.0,607.0
6095,334.0,4201.0
6097,334.0,5027.0
6099,1160.0,6992.0
6101,45.0,687.0
6103,48.0,677.0
6105,,107.0
6107,721.0,4211.0
6109,63.0,824.0
6111,833.0,7479.0
6113,150.0,1458.0
6115,98.0,962.0
8001,686.0,4766.0
8003,29.0,198.0
8005,725.0,5566.0
8009,,77.0
8011,11.0,61.0
8013,299.0,2920.0
8014,46.0,388.0
8015,18.0,187.0
8017,,26.0
8019,,55.0
8021,,79.0
8025,,50.0
8029,45.0,398.0
8031,663.0,6434.0
8035,238.0,2101.0
8037,,120.0
8039,,102.0
8041,775.0,6826.0
8043,27.0,574.0
8045,36.0,426.0
8051,,104.0
8055,13.0,137.0
8059,713.0,6205.0
8063,,67.0
8067,51.0,514.0
8069,265.0,3353.0
8071,,158.0
8073,,62.0
8075,50.0,277.0
8077,217.0,2300.0
8081,20.0,143.0
8083,,293.0
8085,51.0,523.0
8087,65.0,318.0
8089,25.0,236.0
8093,,77.0
8095,,73.0
8097,,59.0
8099,15.0,126.0
8101,351.0,2719.0
8103,,60.0
8105,,127.0
8107,14.0,125.0
8115,,28.0
8117,,75.0
8119,,155.0
8121,,48.0
8123,271.0,2113.0
8125,14.0,110.0
9001,1907.0,9074.0
9003,2103.0,11080.0
9005,199.0,1767.0
9007,299.0,1740.0
9009,1797.0,10812.0
9011,362.0,2835.0
9013,76.0,836.0
9015,106.0,1127.0
11001,1175.0,8129.0
10001,226.0,2200.0
10003,614.0,6445.0
10005,368.0,3250.0
12001,549.0,4594.0
12003,12.0,211.0
12005,317.0,2507.0
12007,,212.0
12009,664.0,9317.0
12011,2348.0,20089.0
12013,14.0,193.0
12015,324.0,3710.0
12017,280.0,3420.0
12019,283.0,2820.0
12021,472.0,4671.0
12023,148.0,1276.0
12027,22.0,396.0
12029,0.0,109.0
12031,1344.0,13046.0
12033,721.0,6200.0
12035,83.0,1696.0
12037,0.0,105.0
12039,,339.0
12041,,141.0
12045,,156.0
12047,,102.0
12049,,148.0
12051,20.0,240.0
12053,319.0,3639.0
12055,272.0,2291.0
12057,1422.0,15484.0
12059,14.0,290.0
12061,190.0,2715.0
12063,87.0,700.0
12065,,111.0
12067,,69.0
12069,475.0,5335.0
12071,784.0,9656.0
12073,502.0,3955.0
12075,13.0,462.0
12079,11.0,204.0
12081,514.0,5587.0
12083,673.0,6753.0
12085,359.0,2584.0
12086,4720.0,29111.0
12087,24.0,644.0
12089,37.0,812.0
12091,274.0,2597.0
12093,61.0,538.0
12095,1252.0,12872.0
12097,411.0,3314.0
12099,2372.0,20210.0
12101,554.0,7852.0
12103,1302.0,15935.0
12105,935.0,9127.0
12107,71.0,1030.0
12109,69.0,2048.0
12111,336.0,4276.0
12113,104.0,1488.0
12115,722.0,7605.0
12117,271.0,4261.0
12119,206.0,2888.0
12121,24.0,434.0
12123,,216.0
12125,24.0,146.0
12127,588.0,9343.0
12129,,262.0
12131,84.0,824.0
12133,33.0,332.0
13001,27.0,171.0
13005,42.0,178.0
13009,89.0,597.0
13011,,105.0
13013,35.0,507.0
13015,118.0,1264.0
13017,48.0,250.0
13019,11.0,162.0
13021,501.0,3654.0
13023,19.0,130.0
13025,,130.0
13027,11.0,218.0
13029,,185.0
13031,99.0,859.0
13033,10.0,239.0
13035,27.0,284.0
13037,,44.0
13039,18.0,325.0
13043,36.0,177.0
13045,262.0,1676.0
13047,41.0,663.0
13049,,83.0
13051,500.0,4513.0
13053,,24.0
13055,,215.0
13057,155.0,1771.0
13059,342.0,2137.0
13063,128.0,1648.0
13065,,98.0
13067,850.0,7034.0
13069,120.0,558.0
13071,101.0,696.0
13073,27.0,809.0
13075,10.0,124.0
13077,147.0,1329.0
13079,,85.0
13081,75.0,430.0
13083,,148.0
13085,,163.0
13087,32.0,352.0
13089,552.0,6186.0
13091,82.0,292.0
13093,,95.0
13095,331.0,1788.0
13097,87.0,961.0
13099,17.0,167.0
13103,13.0,332.0
13105,19.0,282.0
13107,55.0,308.0
13109,11.0,113.0
13111,26.0,386.0
13113,216.0,1385.0
13115,352.0,2193.0
13117,212.0,1988.0
13119,32.0,298.0
13121,1278.0,11280.0
13123,27.0,305.0
13125,,36.0
13127,178.0,1400.0
13129,85.0,669.0
13131,25.0,240.0
13133,17.0,222.0
13135,640.0,5423.0
13137,61.0,475.0
13139,641.0,3591.0
13141,12.0,94.0
13143,,295.0
13145,,146.0
13147,12.0,242.0
13149,,10.0
13151,262.0,2411.0
13153,186.0,1696.0
13155,,105.0
13157,18.0,465.0
13159,16.0,128.0
13161,26.0,196.0
13163,21.0,229.0
13165,16.0,106.0
13167,14.0,96.0
13169,,197.0
13171,17.0,151.0
13173,0.0,64.0
13175,172.0,1034.0
13177,,169.0
13179,15.0,325.0
13183,,94.0
13185,266.0,1534.0
13187,27.0,264.0
13189,10.0,208.0
13193,,108.0
13195,,187.0
13197,,71.0
13199,15.0,210.0
13201,,176.0
13205,17.0,207.0
13207,34.0,318.0
13211,,149.0
13213,20.0,328.0
13215,513.0,3631.0
13217,105.0,956.0
13219,37.0,444.0
13221,,97.0
13223,106.0,984.0
13225,14.0,232.0
13227,66.0,493.0
13229,,160.0
13231,0.0,
13233,10.0,374.0
13235,45.0,161.0
13237,20.0,228.0
13241,20.0,232.0
13243,,78.0
13245,826.0,4931.0
13247,127.0,1035.0
13251,,114.0
13253,,108.0
13255,185.0,1452.0
13257,34.0,367.0
13259,,40.0
13261,64.0,433.0
13263,,42.0
13267,22.0,206.0
13269,,68.0
13271,,146.0
13273,,80.0
13275,174.0,908.0
13277,203.0,838.0
13279,115.0,646.0
13281,15.0,188.0
13283,,58.0
13285,196.0,1079.0
13287,,69.0
13289,,88.0
13291,48.0,418.0
13293,132.0,689.0
13295,28.0,661.0
13297,151.0,1097.0
13299,155.0,801.0
13303,46.0,256.0
13305,55.0,406.0
13309,,43.0
13311,16.0,255.0
13313,199.0,1190.0
13315,,78.0
13317,,115.0
13319,,76.0
13321,14.0,173.0
15001,50.0,1985.0
15003,322.0,9405.0
15007,,617.0
15009,31.0,1355.0
19001,17.0,108.0
19003,,39.0
19005,34.0,218.0
19007,37.0,176.0
19009,,75.0
19011,36.0,199.0
19013,341.0,1867.0
19015,15.0,263.0
19017,51.0,279.0
19019,12.0,168.0
19021,25.0,180.0
19023,15.0,141.0
19025,,93.0
19027,45.0,284.0
19029,43.0,223.0
19031,,147.0
19033,135.0,894.0
19035,29.0,188.0
19037,0.0,129.0
19039,17.0,109.0
19041,15.0,193.0
19043,45.0,198.0
19045,91.0,580.0
19047,30.0,192.0
19049,71.0,526.0
19051,17.0,74.0
19053,,74.0
19055,30.0,189.0
19057,65.0,619.0
19059,33.0,231.0
19061,225.0,1240.0
19063,37.0,152.0
19065,22.0,239.0
19067,27.0,177.0
19069,11.0,112.0
19071,,57.0
19073,,102.0
19075,25.0,163.0
19077,18.0,115.0
19079,37.0,180.0
19081,26.0,113.0
19083,24.0,208.0
19085,53.0,237.0
19087,28.0,229.0
19089,19.0,119.0
19091,21.0,94.0
19093,30.0,119.0
19095,12.0,176.0
19097,23.0,231.0
19099,36.0,348.0
19101,20.0,196.0
19103,270.0,2263.0
19105,29.0,184.0
19107,16.0,109.0
19109,44.0,185.0
19111,33.0,432.0
19113,371.0,2601.0
19115,21.0,83.0
19117,13.0,113.0
19119,23.0,83.0
19121,11.0,120.0
19123,45.0,282.0
19125,52.0,363.0
19127,50.0,548.0
19129,,80.0
19131,38.0,167.0
19133,20.0,183.0
19135,24.0,118.0
19137,32.0,193.0
19139,62.0,415.0
19141,47.0,228.0
19143,,75.0
19145,10.0,200.0
19147,18.0,146.0
19149,45.0,268.0
19151,15.0,92.0
19153,830.0,6249.0
19155,151.0,1215.0
19157,26.0,242.0
19159,13.0,113.0
19161,11.0,132.0
19163,248.0,2297.0
19165,29.0,178.0
19167,46.0,286.0
19169,86.0,756.0
19171,37.0,149.0
19173,,45.0
19175,17.0,184.0
19177,12.0,76.0
19179,72.0,440.0
19181,46.0,410.0
19183,40.0,277.0
19185,18.0,96.0
19187,109.0,693.0
19189,17.0,103.0
19191,25.0,182.0
19193,348.0,1664.0
19197,16.0,160.0
16001,593.0,4945.0
16005,104.0,991.0
16007,0.0,60.0
16009,,91.0
16011,29.0,406.0
16013,,110.0
16015,,64.0
16017,17.0,421.0
16019,200.0,1493.0
16021,,97.0
16023,,29.0
16025,0.0,10.0
16027,226.0,1891.0
16029,,71.0
16031,,232.0
16035,,119.0
16037,,39.0
16039,,187.0
16041,,110.0
16043,,86.0
16045,12.0,235.0
16047,10.0,168.0
16049,12.0,167.0
16051,,112.0
16053,,143.0
16055,187.0,2138.0
16057,,205.0
16059,,99.0
16061,,34.0
16063,,42.0
16065,18.0,221.0
16067,19.0,176.0
16069,48.0,639.0
16071,,39.0
16073,13.0,111.0
16075,,233.0
16077,,80.0
16079,18.0,130.0
16081,,34.0
16083,179.0,1195.0
16085,,76.0
16087,11.0,152.0
17001,202.0,1297.0
17005,15.0,164.0
17007,37.0,414.0
17009,,36.0
17011,73.0,505.0
17015,12.0,143.0
17017,20.0,97.0
17019,223.0,2268.0
17021,43.0,413.0
17023,21.0,182.0
17025,24.0,157.0
17027,19.0,373.0
17029,100.0,743.0
17031,9197.0,58365.0
17033,25.0,185.0
17035,13.0,91.0
17037,108.0,1003.0
17039,19.0,179.0
17041,,135.0
17043,1096.0,9217.0
17045,43.0,266.0
17049,60.0,470.0
17051,31.0,233.0
17053,33.0,273.0
17055,33.0,419.0
17057,35.0,539.0
17059,,41.0
17061,29.0,124.0
17063,71.0,564.0
17065,14.0,132.0
17067,27.0,220.0
17069,,59.0
17071,11.0,66.0
17073,50.0,554.0
17075,25.0,362.0
17077,120.0,783.0
17079,,57.0
17081,118.0,742.0
17083,44.0,340.0
17085,13.0,211.0
17087,,89.0
17089,674.0,4615.0
17091,170.0,1587.0
17093,14.0,454.0
17095,140.0,860.0
17097,775.0,6883.0
17099,175.0,1314.0
17101,13.0,144.0
17103,78.0,428.0
17105,62.0,500.0
17107,33.0,398.0
17109,44.0,334.0
17111,195.0,2123.0
17113,210.0,1719.0
17115,177.0,1618.0
17117,56.0,565.0
17119,380.0,3402.0
17121,71.0,618.0
17123,,128.0
17125,21.0,157.0
17127,31.0,222.0
17129,11.0,94.0
17131,13.0,186.0
17133,26.0,253.0
17135,53.0,369.0
17137,83.0,505.0
17139,,158.0
17141,30.0,579.0
17143,547.0,3870.0
17145,39.0,247.0
17147,13.0,192.0
17149,25.0,195.0
17153,,31.0
17157,69.0,406.0
17159,43.0,296.0
17161,271.0,2031.0
17163,436.0,3268.0
17165,48.0,426.0
17167,385.0,3375.0
17169,15.0,109.0
17173,,189.0
17175,12.0,70.0
17177,88.0,736.0
17179,116.0,1279.0
17181,19.0,238.0
17183,79.0,1013.0
17185,,144.0
17187,24.0,201.0
17189,22.0,137.0
17191,30.0,185.0
17193,23.0,223.0
17195,165.0,868.0
17197,732.0,5906.0
17199,117.0,1096.0
17201,520.0,4312.0
17203,36.0,394.0
18001,28.0,306.0
18003,817.0,5740.0
18005,177.0,1089.0
18007,,64.0
18009,11.0,146.0
18011,81.0,563.0
18013,19.0,154.0
18015,,123.0
18017,57.0,410.0
18019,133.0,1275.0
18021,17.0,238.0
18023,25.0,372.0
18025,,84.0
18027,49.0,362.0
18029,67.0,491.0
18031,58.0,323.0
18033,68.0,508.0
18035,213.0,1881.0
18037,89.0,606.0
18039,395.0,2312.0
18041,23.0,231.0
18043,185.0,1309.0
18045,18.0,180.0
18047,,144.0
18049,22.0,221.0
18051,29.0,252.0
18053,123.0,928.0
18055,57.0,307.0
18057,321.0,2422.0
18059,90.0,752.0
18061,34.0,418.0
18063,309.0,1912.0
18065,42.0,567.0
18067,158.0,1287.0
18069,39.0,388.0
18071,64.0,547.0
18073,20.0,280.0
18075,,149.0
18077,53.0,405.0
18079,13.0,226.0
18081,185.0,1439.0
18083,127.0,689.0
18085,46.0,695.0
18087,50.0,268.0
18089,901.0,7162.0
18091,163.0,1428.0
18093,63.0,517.0
18095,247.0,1715.0
18097,1838.0,13192.0
18099,78.0,539.0
18101,12.0,73.0
18103,26.0,367.0
18105,215.0,1665.0
18107,44.0,403.0
18109,59.0,682.0
18111,19.0,134.0
18113,45.0,453.0
18117,26.0,212.0
18119,31.0,226.0
18121,,91.0
18123,20.0,183.0
18125,22.0,134.0
18127,216.0,1994.0
18129,,159.0
18131,29.0,163.0
18133,27.0,374.0
18135,15.0,246.0
18137,40.0,362.0
18139,,174.0
18141,432.0,3705.0
18143,17.0,292.0
18145,74.0,523.0
18147,,149.0
18149,18.0,205.0
18151,22.0,306.0
18153,15.0,215.0
18155,,55.0
18157,241.0,1888.0
18159,32.0,188.0
18161,0.0,54.0
18163,464.0,3362.0
18165,18.0,172.0
18167,259.0,1841.0
18169,51.0,489.0
18171,,98.0
18173,217.0,1242.0
18175,,236.0
18177,217.0,1368.0
18179,44.0,342.0
18181,22.0,259.0
18183,20.0,316.0
20001,,135.0
20003,,79.0
20005,,143.0
20007,,49.0
20009,21.0,298.0
20011,,160.0
20013,20.0,130.0
20015,44.0,755.0
20021,12.0,194.0
20023,,41.0
20025,,42.0
20027,20.0,116.0
20029,21.0,147.0
20031,,101.0
20033,,32.0
20035,74.0,447.0
20037,75.0,587.0
20039,,38.0
20041,36.0,241.0
20043,14.0,80.0
20045,72.0,936.0
20047,,40.0
20051,122.0,502.0
20053,19.0,99.0
20055,86.0,357.0
20057,62.0,311.0
20059,21.0,264.0
20061,29.0,193.0
20063,19.0,52.0
20065,,23.0
20067,,43.0
20069,,38.0
20071,,20.0
20073,,84.0
20077,13.0,92.0
20079,58.0,492.0
20081,,22.0
20083,,14.0
20085,,105.0
20087,21.0,154.0
20089,0.0,21.0
20091,711.0,5586.0
20093,10.0,39.0
20095,,91.0
20099,39.0,290.0
20103,33.0,589.0
20105,0.0,31.0
20109,,36.0
20111,53.0,321.0
20113,50.0,424.0
20115,,134.0
20117,23.0,114.0
20119,,53.0
20121,16.0,268.0
20123,15.0,110.0
20125,56.0,451.0
20127,15.0,81.0
20129,,39.0
20131,45.0,194.0
20133,15.0,239.0
20135,11.0,49.0
20137,25.0,80.0
20139,,193.0
20141,,76.0
20143,,63.0
20145,,80.0
20147,16.0,69.0
20149,23.0,170.0
20151,23.0,134.0
20153,,30.0
20155,147.0,987.0
20157,,74.0
20159,,105.0
20161,45.0,525.0
20163,11.0,49.0
20165,,49.0
20167,14.0,108.0
20169,146.0,877.0
20171,19.0,60.0
20173,864.0,7384.0
20175,39.0,188.0
20177,418.0,2990.0
20179,,33.0
20181,,52.0
20183,,44.0
20185,,58.0
20189,,55.0
20191,24.0,264.0
20193,11.0,70.0
20195,,44.0
20197,,53.0
20201,,58.0
20203,,25.0
20205,,116.0
20209,422.0,2580.0
21001,,181.0
21003,14.0,164.0
21005,,164.0
21007,,12.0
21009,99.0,734.0
21011,,120.0
21013,39.0,361.0
21015,69.0,977.0
21017,,188.0
21019,181.0,1402.0
21021,132.0,696.0
21025,10.0,162.0
21027,,178.0
21029,10.0,435.0
21031,,125.0
21033,18.0,154.0
21035,42.0,453.0
21037,185.0,988.0
21039,,71.0
21041,,116.0
21043,,170.0
21045,13.0,162.0
21047,69.0,664.0
21049,30.0,417.0
21051,19.0,226.0
21053,10.0,114.0
21055,,99.0
21057,,106.0
21059,232.0,1665.0
21061,,88.0
21063,0.0,57.0
21065,,149.0
21067,481.0,6055.0
21069,,130.0
21071,46.0,538.0
21073,59.0,695.0
21075,,61.0
21077,,93.0
21079,13.0,148.0
21081,,172.0
21083,83.0,533.0
21085,17.0,278.0
21087,,112.0
21089,14.0,335.0
21091,,66.0
21093,140.0,1383.0
21095,30.0,454.0
21097,16.0,253.0
21099,14.0,185.0
21101,35.0,552.0
21103,,90.0
21105,,83.0
21107,144.0,874.0
21109,,108.0
21111,1494.0,13321.0
21113,28.0,391.0
21115,,255.0
21117,133.0,2120.0
21119,,101.0
21121,21.0,345.0
21123,,140.0
21125,46.0,785.0
21127,14.0,190.0
21129,12.0,107.0
21131,,71.0
21133,23.0,250.0
21135,11.0,95.0
21137,14.0,268.0
21139,11.0,135.0
21141,15.0,229.0
21143,,94.0
21145,219.0,1646.0
21147,0.0,97.0
21149,,90.0
21151,87.0,994.0
21155,23.0,203.0
21157,18.0,361.0
21159,,82.0
21161,44.0,407.0
21163,,143.0
21165,,12.0
21167,22.0,262.0
21169,,95.0
21171,22.0,115.0
21173,22.0,325.0
21175,,98.0
21177,19.0,321.0
21179,20.0,411.0
21181,0.0,67.0
21183,17.0,267.0
21185,34.0,367.0
21187,,104.0
21189,,58.0
21191,0.0,112.0
21193,88.0,1051.0
21195,160.0,1570.0
21197,,113.0
21199,96.0,1130.0
21201,,37.0
21203,25.0,252.0
21205,20.0,370.0
21207,27.0,238.0
21209,22.0,411.0
21211,27.0,311.0
21213,10.0,154.0
21215,10.0,116.0
21217,21.0,311.0
21219,,73.0
21221,,149.0
21223,,57.0
21225,,97.0
21227,311.0,2053.0
21229,15.0,105.0
21231,21.0,213.0
21233,,117.0
21235,78.0,646.0
21237,,71.0
21239,,209.0
22001,86.0,731.0
22003,32.0,273.0
22005,52.0,692.0
22007,,140.0
22009,37.0,520.0
22011,38.0,350.0
22013,13.0,184.0
22015,157.0,1234.0
22017,954.0,5143.0
22019,309.0,2580.0
22021,,106.0
22025,,
22027,32.0,195.0
22029,15.0,224.0
22031,15.0,200.0
22033,1139.0,7242.0
22035,,43.0
22037,23.0,181.0
22039,48.0,418.0
22041,27.0,232.0
22043,18.0,215.0
22045,81.0,888.0
22047,11.0,290.0
22049,,156.0
22051,1080.0,6758.0
22053,70.0,477.0
22055,443.0,3373.0
22057,174.0,1140.0
22059,21.0,202.0
22061,76.0,578.0
22063,27.0,883.0
22065,,90.0
22067,17.0,349.0
22069,57.0,438.0
22071,518.0,5009.0
22073,517.0,2606.0
22075,,143.0
22077,26.0,257.0
22079,413.0,2631.0
22081,13.0,124.0
22083,,212.0
22085,19.0,247.0
22087,22.0,306.0
22089,38.0,427.0
22091,,101.0
22093,21.0,170.0
22095,35.0,317.0
22097,176.0,1186.0
22099,28.0,461.0
22101,77.0,579.0
22103,459.0,3428.0
22105,188.0,1610.0
22109,145.0,1357.0
22111,30.0,281.0
22113,32.0,631.0
22115,40.0,385.0
22117,50.0,560.0
22119,45.0,572.0
22121,,176.0
22123,19.0,118.0
22125,,129.0
22127,28.0,183.0
25001,276.0,3390.0
25003,202.0,1898.0
25005,1023.0,6567.0
25007,,136.0
25009,1492.0,9059.0
25011,49.0,593.0
25013,1044.0,6832.0
25015,171.0,1484.0
25017,2602.0,14472.0
25019,,70.0
25021,989.0,6826.0
25023,835.0,5678.0
25025,1796.0,10782.0
25027,1565.0,9629.0
24001,236.0,1422.0
24003,625.0,5797.0
24005,1240.0,10642.0
24009,64.0,779.0
24011,12.0,276.0
24013,244.0,2082.0
24015,130.0,1236.0
24017,131.0,1266.0
24019,24.0,362.0
24021,257.0,2360.0
24023,67.0,419.0
24025,204.0,2662.0
24027,179.0,2137.0
24029,38.0,352.0
24031,1848.0,9607.0
24033,1031.0,7267.0
24035,,329.0
24037,122.0,1025.0
24039,,208.0
24041,63.0,792.0
24043,308.0,2303.0
24045,255.0,1839.0
24047,96.0,844.0
24510,1245.0,11191.0
23001,67.0,1633.0
23003,45.0,984.0
23005,232.0,4514.0
23007,16.0,361.0
23009,27.0,658.0
23011,53.0,1646.0
23013,,590.0
23015,0.0,379.0
23017,34.0,613.0
23019,117.0,2563.0
23021,,217.0
23023,,276.0
23025,24.0,591.0
23027,17.0,328.0
23029,,378.0
23031,108.0,1835.0
26001,,139.0
26005,56.0,1080.0
26007,62.0,499.0
26009,,228.0
26011,13.0,175.0
26013,24.0,102.0
26015,17.0,512.0
26017,265.0,1906.0
26019,13.0,179.0
26021,221.0,2074.0
26023,46.0,466.0
26025,152.0,1938.0
26027,31.0,476.0
26029,,223.0
26031,27.0,287.0
26033,20.0,377.0
26035,41.0,432.0
26037,22.0,513.0
26039,30.0,269.0
26041,61.0,543.0
26043,62.0,402.0
26045,37.0,964.0
26047,70.0,741.0
26049,663.0,6212.0
26051,17.0,301.0
26053,32.0,213.0
26055,119.0,1743.0
26057,90.0,609.0
26059,44.0,487.0
26061,29.0,416.0
26063,29.0,407.0
26065,361.0,3869.0
26067,29.0,456.0
26069,34.0,418.0
26071,41.0,242.0
26073,41.0,691.0
26075,260.0,2331.0
26077,439.0,3820.0
26079,0.0,174.0
26081,779.0,7603.0
26085,,140.0
26087,102.0,1031.0
26089,,187.0
26091,73.0,1091.0
26093,75.0,1573.0
26095,,84.0
26097,,125.0
26099,1225.0,9999.0
26101,13.0,342.0
26103,84.0,964.0
26105,20.0,381.0
26107,21.0,495.0
26109,14.0,221.0
26111,86.0,1213.0
26113,,16.0
26115,86.0,1461.0
26117,65.0,700.0
26119,,136.0
26121,323.0,2437.0
26123,24.0,538.0
26125,2369.0,16613.0
26127,14.0,226.0
26129,20.0,358.0
26131,10.0,85.0
26133,,211.0
26135,,121.0
26137,11.0,314.0
26139,235.0,2427.0
26141,15.0,165.0
26143,10.0,289.0
26145,566.0,3502.0
26147,205.0,2158.0
26149,38.0,616.0
26151,38.0,473.0
26153,,106.0
26155,45.0,840.0
26157,36.0,516.0
26159,49.0,660.0
26161,486.0,4731.0
26163,3322.0,24734.0
26165,24.0,421.0
27001,28.0,243.0
27003,440.0,2787.0
27005,34.0,415.0
27007,68.0,528.0
27009,58.0,436.0
27011,,67.0
27013,63.0,711.0
27015,32.0,341.0
27017,34.0,368.0
27019,37.0,603.0
27021,,292.0
27023,26.0,161.0
27025,34.0,519.0
27027,53.0,408.0
27029,,83.0
27031,0.0,49.0
27033,20.0,156.0
27035,76.0,763.0
27037,243.0,2730.0
27039,,109.0
27041,58.0,520.0
27043,11.0,192.0
27045,,222.0
27047,22.0,372.0
27049,63.0,580.0
27051,,47.0
27053,1886.0,13542.0
27055,,173.0
27057,33.0,233.0
27059,23.0,320.0
27061,34.0,526.0
27063,,75.0
27065,13.0,176.0
27067,70.0,476.0
27069,21.0,65.0
27071,,145.0
27073,15.0,91.0
27075,14.0,151.0
27077,0.0,47.0
27079,,189.0
27081,,81.0
27083,43.0,258.0
27085,36.0,432.0
27087,,61.0
27089,,58.0
27091,19.0,226.0
27093,30.0,225.0
27095,35.0,316.0
27097,35.0,344.0
27099,28.0,384.0
27101,,71.0
27103,32.0,224.0
27105,30.0,188.0
27107,,66.0
27109,177.0,2422.0
27111,47.0,742.0
27113,12.0,130.0
27115,17.0,256.0
27117,15.0,106.0
27119,52.0,356.0
27121,,112.0
27123,1084.0,6857.0
27127,21.0,172.0
27129,35.0,163.0
27131,63.0,596.0
27133,10.0,134.0
27135,13.0,153.0
27137,369.0,3426.0
27139,78.0,825.0
27141,54.0,642.0
27143,,99.0
27145,311.0,2172.0
27147,,334.0
27149,,81.0
27151,15.0,115.0
27153,23.0,189.0
27157,0.0,175.0
27159,16.0,221.0
27161,15.0,172.0
27163,192.0,1892.0
27165,,116.0
27167,,97.0
27169,50.0,431.0
27171,78.0,822.0
27173,15.0,89.0
29001,25.0,258.0
29003,10.0,144.0
29005,,83.0
29007,28.0,312.0
29009,26.0,373.0
29011,,115.0
29013,20.0,204.0
29015,16.0,282.0
29017,,118.0
29019,332.0,2743.0
29021,212.0,1505.0
29023,73.0,866.0
29027,19.0,324.0
29029,111.0,764.0
29031,234.0,1846.0
29033,20.0,101.0
29037,39.0,906.0
29039,,153.0
29041,15.0,125.0
29043,29.0,544.0
29045,10.0,53.0
29047,427.0,3055.0
29049,65.0,380.0
29051,240.0,1234.0
29053,13.0,159.0
29055,40.0,354.0
29057,18.0,84.0
29059,21.0,209.0
29061,,59.0
29063,,86.0
29065,14.0,220.0
29067,18.0,146.0
29069,15.0,320.0
29071,163.0,1204.0
29073,44.0,257.0
29075,13.0,78.0
29077,875.0,5680.0
29079,24.0,138.0
29081,10.0,82.0
29083,20.0,289.0
29085,16.0,116.0
29087,,50.0
29089,,72.0
29091,92.0,749.0
29093,,127.0
29095,927.0,9872.0
29097,89.0,1077.0
29099,178.0,1938.0
29101,52.0,489.0
29105,45.0,422.0
29107,31.0,345.0
29109,55.0,489.0
29111,,13.0
29113,24.0,398.0
29115,13.0,143.0
29117,35.0,191.0
29119,,172.0
29121,18.0,253.0
29123,14.0,164.0
29125,,80.0
29127,73.0,493.0
29129,,50.0
29131,16.0,264.0
29133,,135.0
29135,,137.0
29137,12.0,88.0
29139,12.0,165.0
29141,19.0,259.0
29143,16.0,215.0
29145,337.0,1946.0
29147,18.0,197.0
29149,0.0,106.0
29151,,112.0
29153,12.0,123.0
29155,17.0,228.0
29157,11.0,200.0
29159,72.0,586.0
29161,104.0,718.0
29163,,152.0
29165,69.0,791.0
29167,74.0,471.0
29169,15.0,270.0
29171,,65.0
29173,,66.0
29175,35.0,325.0
29177,,252.0
29179,0.0,63.0
29181,,125.0
29183,508.0,3872.0
29185,11.0,118.0
29186,,190.0
29187,69.0,934.0
29189,2317.0,16483.0
29195,25.0,267.0
29197,12.0,15.0
29199,13.0,80.0
29201,82.0,595.0
29203,,85.0
29205,,70.0
29207,16.0,348.0
29209,,248.0
29211,,39.0
29213,58.0,721.0
29215,16.0,351.0
29217,29.0,240.0
29219,12.0,256.0
29221,,245.0
29223,10.0,138.0
29225,26.0,288.0
29229,10.0,142.0
29510,572.0,5923.0
28001,91.0,507.0
28003,106.0,759.0
28005,17.0,142.0
28007,30.0,282.0
28009,,65.0
28011,58.0,418.0
28013,13.0,192.0
28015,,90.0
28017,12.0,151.0
28019,,96.0
28021,11.0,80.0
28023,25.0,180.0
28025,19.0,214.0
28027,48.0,343.0
28029,25.0,292.0
28031,16.0,197.0
28033,372.0,2073.0
28035,389.0,1971.0
28037,12.0,96.0
28039,29.0,272.0
28041,,104.0
28043,56.0,359.0
28045,21.0,460.0
28047,310.0,3037.0
28049,996.0,5815.0
28051,19.0,173.0
28053,,55.0
28057,14.0,216.0
28059,245.0,1915.0
28061,,153.0
28063,,67.0
28065,,120.0
28067,128.0,899.0
28069,,78.0
28071,246.0,1007.0
28073,114.0,684.0
28075,427.0,1868.0
28077,10.0,125.0
28079,32.0,219.0
28081,493.0,2739.0
28083,136.0,642.0
28085,86.0,525.0
28087,204.0,1015.0
28089,113.0,1212.0
28091,24.0,273.0
28093,36.0,373.0
28095,85.0,484.0
28097,22.0,150.0
28099,53.0,403.0
28101,,208.0
28103,,105.0
28105,81.0,419.0
28107,43.0,336.0
28109,52.0,694.0
28111,,125.0
28113,97.0,684.0
28115,16.0,271.0
28117,32.0,259.0
28121,144.0,1318.0
28123,14.0,260.0
28125,10.0,57.0
28127,62.0,325.0
28129,,122.0
28131,,154.0
28133,56.0,374.0
28135,12.0,129.0
28137,22.0,229.0
28139,32.0,249.0
28141,34.0,299.0
28143,,80.0
28145,65.0,300.0
28147,,133.0
28149,147.0,788.0
28151,151.0,902.0
28153,33.0,234.0
28155,23.0,171.0
28157,10.0,95.0
28159,44.0,254.0
28161,,150.0
28163,33.0,279.0
30001,,110.0
30003,,113.0
30005,,58.0
30009,,102.0
30011,,16.0
30013,210.0,1413.0
30017,12.0,135.0
30019,,23.0
30021,24.0,130.0
30023,12.0,143.0
30025,,38.0
30027,23.0,183.0
30029,111.0,1366.0
30031,49.0,708.0
30035,11.0,103.0
30041,42.0,195.0
30047,18.0,301.0
30049,70.0,786.0
30053,,241.0
30057,,100.0
30059,,15.0
30061,0.0,51.0
30063,115.0,1318.0
30065,,69.0
30067,,166.0
30071,10.0,45.0
30075,,14.0
30077,,76.0
30079,,19.0
30081,35.0,520.0
30083,,91.0
30085,22.0,130.0
30087,,71.0
30089,,134.0
30091,,32.0
30093,77.0,504.0
30095,,77.0
30097,,50.0
30101,,40.0
30105,13.0,95.0
30107,,23.0
30109,,22.0
30111,438.0,2684.0
37001,45.0,1622.0
37003,,215.0
37005,0.0,112.0
37007,,171.0
37009,11.0,266.0
37011,,171.0
37013,44.0,461.0
37015,10.0,189.0
37017,,280.0
37019,34.0,1181.0
37021,209.0,3652.0
37023,76.0,955.0
37025,137.0,1715.0
37027,30.0,806.0
37029,0.0,51.0
37031,14.0,787.0
37033,,164.0
37035,85.0,1672.0
37037,53.0,734.0
37039,16.0,278.0
37041,17.0,173.0
37043,0.0,88.0
37045,126.0,1211.0
37047,24.0,615.0
37049,98.0,1202.0
37051,124.0,2543.0
37053,0.0,108.0
37055,,254.0
37057,29.0,1280.0
37061,29.0,392.0
37063,224.0,3387.0
37065,53.0,527.0
37067,279.0,4876.0
37069,12.0,364.0
37071,128.0,2156.0
37075,,69.0
37077,19.0,434.0
37079,,128.0
37081,337.0,5098.0
37083,23.0,498.0
37085,45.0,798.0
37087,36.0,660.0
37089,86.0,1300.0
37091,36.0,268.0
37093,10.0,236.0
37097,50.0,1466.0
37099,,343.0
37101,40.0,1236.0
37103,,82.0
37105,18.0,453.0
37107,39.0,548.0
37109,28.0,623.0
37111,17.0,312.0
37113,,317.0
37115,,145.0
37117,,190.0
37119,518.0,7486.0
37121,,163.0
37123,,192.0
37125,105.0,1306.0
37127,87.0,964.0
37129,99.0,2719.0
37131,,153.0
37133,28.0,835.0
37135,111.0,1290.0
37137,,95.0
37139,36.0,479.0
37141,,309.0
37143,,102.0
37145,,299.0
37147,130.0,2212.0
37149,,141.0
37151,22.0,982.0
37153,21.0,421.0
37155,78.0,1152.0
37157,27.0,890.0
37159,115.0,1422.0
37161,59.0,739.0
37163,12.0,405.0
37165,48.0,509.0
37167,28.0,545.0
37169,,357.0
37171,40.0,918.0
37173,0.0,163.0
37175,,275.0
37179,74.0,1237.0
37181,51.0,477.0
37183,394.0,6125.0
37185,,144.0
37187,,110.0
37189,10.0,311.0
37191,88.0,1297.0
37193,24.0,540.0
37195,59.0,706.0
37197,0.0,281.0
37199,0.0,126.0
38001,14.0,63.0
38003,25.0,139.0
38005,,46.0
38009,13.0,52.0
38011,,26.0
38013,0.0,
38015,272.0,1500.0
38017,488.0,2696.0
38019,,40.0
38021,28.0,84.0
38023,0.0,16.0
38025,,32.0
38027,,39.0
38029,,34.0
38031,18.0,46.0
38035,121.0,853.0
38037,10.0,29.0
38039,,27.0
38041,,30.0
38045,13.0,44.0
38047,,16.0
38049,16.0,67.0
38051,,53.0
38053,,72.0
38055,24.0,128.0
38057,,57.0
38059,39.0,299.0
38061,0.0,70.0
38063,13.0,63.0
38067,10.0,63.0
38069,23.0,56.0
38071,21.0,144.0
38073,16.0,95.0
38075,10.0,24.0
38077,,99.0
38079,,111.0
38089,39.0,245.0
38093,65.0,261.0
38095,,32.0
38097,13.0,106.0
38099,15.0,129.0
38101,202.0,940.0
38103,,60.0
38105,18.0,193.0
31001,66.0,409.0
31003,,67.0
31011,,74.0
31013,,109.0
31015,,29.0
31019,128.0,692.0
31021,,69.0
31023,,81.0
31025,,183.0
31027,17.0,88.0
31029,,47.0
31031,,59.0
31033,13.0,98.0
31035,10.0,66.0
31037,,46.0
31039,15.0,111.0
31041,,113.0
31043,21.0,134.0
31045,17.0,102.0
31047,30.0,240.0
31049,,13.0
31051,,41.0
31053,64.0,511.0
31055,900.0,6817.0
31057,,26.0
31059,12.0,69.0
31061,0.0,27.0
31065,,57.0
31067,20.0,285.0
31069,,31.0
31071,,31.0
31073,,
31077,,19.0
31079,125.0,701.0
31081,21.0,92.0
31089,11.0,116.0
31093,12.0,84.0
31095,,100.0
31097,,42.0
31099,,47.0
31101,,70.0
31105,,50.0
31107,,105.0
31109,365.0,3527.0
31111,82.0,548.0
31119,80.0,510.0
31121,,67.0
31123,11.0,76.0
31125,,61.0
31127,16.0,93.0
31129,12.0,65.0
31131,,163.0
31133,,42.0
31135,11.0,41.0
31137,13.0,129.0
31139,14.0,73.0
31141,40.0,303.0
31143,16.0,91.0
31145,12.0,138.0
31147,12.0,125.0
31151,,91.0
31153,59.0,1039.0
31155,,207.0
31157,113.0,604.0
31159,14.0,142.0
31161,17.0,92.0
31163,,35.0
31167,,54.0
31169,,68.0
31173,,75.0
31175,,46.0
31177,10.0,167.0
31179,,73.0
31181,,50.0
31185,,115.0
33001,91.0,817.0
33003,,535.0
33005,32.0,834.0
33007,34.0,498.0
33009,28.0,1663.0
33011,591.0,4501.0
33013,111.0,1882.0
33015,181.0,2816.0
33017,67.0,1425.0
33019,16.0,398.0
34001,476.0,3798.0
34003,2768.0,11432.0
34005,665.0,4628.0
34007,1078.0,7962.0
34009,134.0,1392.0
34011,314.0,2073.0
34013,2621.0,10380.0
34015,470.0,3432.0
34017,1429.0,5316.0
34019,148.0,1047.0
34021,736.0,3922.0
34023,2107.0,9635.0
34025,1392.0,8449.0
34027,1365.0,6709.0
34029,1489.0,9028.0
34031,1356.0,5407.0
34033,99.0,840.0
34035,564.0,3007.0
34037,207.0,1478.0
34039,1355.0,6107.0
34041,184.0,1230.0
35001,1328.0,9480.0
35005,125.0,826.0
35006,50.0,276.0
35007,29.0,170.0
35009,54.0,450.0
35013,353.0,2465.0
35015,61.0,556.0
35017,21.0,385.0
35019,,52.0
35023,0.0,42.0
35025,70.0,560.0
35027,14.0,182.0
35028,,135.0
35029,23.0,277.0
35031,174.0,743.0
35035,23.0,648.0
35037,,111.0
35039,30.0,394.0
35041,16.0,137.0
35043,322.0,1759.0
35045,393.0,1565.0
35047,,247.0
35049,150.0,1645.0
35051,42.0,265.0
35053,16.0,149.0
35055,35.0,340.0
35057,,125.0
35059,,44.0
35061,21.0,621.0
32001,54.0,348.0
32003,3808.0,25062.0
32005,29.0,478.0
32007,26.0,362.0
32013,,120.0
32015,,45.0
32019,11.0,512.0
32021,,64.0
32023,14.0,634.0
32027,,55.0
32031,723.0,6149.0
32033,,73.0
32510,160.0,1396.0
36001,566.0,4889.0
36003,63.0,503.0
36005,5002.0,18734.0
36007,395.0,3059.0
36009,70.0,922.0
36011,85.0,894.0
36013,106.0,1490.0
36015,150.0,1217.0
36017,58.0,606.0
36019,28.0,965.0
36021,95.0,747.0
36023,62.0,520.0
36025,23.0,490.0
36027,477.0,3524.0
36029,1925.0,13610.0
36031,13.0,418.0
36033,12.0,462.0
36035,72.0,631.0
36037,117.0,725.0
36039,12.0,415.0
36043,51.0,571.0
36045,61.0,1025.0
36047,7336.0,25446.0
36049,15.0,216.0
36051,43.0,452.0
36053,82.0,689.0
36055,1333.0,10526.0
36057,97.0,782.0
36059,4162.0,17717.0
36061,4948.0,20573.0
36063,249.0,2724.0
36065,529.0,3595.0
36067,871.0,7016.0
36069,122.0,1292.0
36071,732.0,3896.0
36073,54.0,379.0
36075,74.0,930.0
36077,79.0,1000.0
36079,85.0,680.0
36081,6477.0,21744.0
36083,123.0,1755.0
36085,1395.0,5561.0
36087,869.0,3282.0
36089,73.0,1119.0
36091,110.0,1834.0
36093,146.0,1985.0
36095,,228.0
36097,,176.0
36099,31.0,259.0
36101,136.0,1181.0
36103,3880.0,18135.0
36105,64.0,755.0
36107,47.0,336.0
36109,49.0,799.0
36111,153.0,1704.0
36113,88.0,1167.0
36115,40.0,627.0
36117,53.0,757.0
36119,2557.0,10477.0
36121,30.0,404.0
36123,22.0,311.0
39001,15.0,341.0
39003,348.0,1920.0
39005,85.0,640.0
39007,143.0,1221.0
39009,36.0,531.0
39011,64.0,524.0
39013,59.0,646.0
39015,20.0,456.0
39017,468.0,3990.0
39019,,218.0
39021,22.0,359.0
39023,230.0,2053.0
39025,108.0,1477.0
39027,42.0,450.0
39029,166.0,1299.0
39031,26.0,392.0
39033,79.0,598.0
39035,2404.0,20992.0
39037,88.0,649.0
39039,83.0,705.0
39041,80.0,1121.0
39043,182.0,1382.0
39045,165.0,1725.0
39047,31.0,358.0
39049,2044.0,17133.0
39051,40.0,361.0
39053,66.0,516.0
39055,169.0,1118.0
39057,208.0,1571.0
39059,22.0,447.0
39061,1452.0,12931.0
39063,174.0,1178.0
39065,26.0,280.0
39067,22.0,198.0
39069,34.0,213.0
39071,38.0,464.0
39073,25.0,229.0
39075,84.0,418.0
39077,87.0,670.0
39079,30.0,432.0
39081,108.0,1013.0
39083,79.0,730.0
39085,267.0,2516.0
39087,22.0,492.0
39089,164.0,1862.0
39091,53.0,501.0
39093,391.0,3410.0
39095,1033.0,7291.0
39097,21.0,352.0
39099,667.0,4616.0
39101,180.0,953.0
39103,143.0,1577.0
39105,11.0,255.0
39107,68.0,446.0
39109,126.0,1260.0
39111,10.0,129.0
39113,1358.0,10043.0
39115,23.0,182.0
39117,18.0,280.0
39119,161.0,1453.0
39121,30.0,116.0
39123,35.0,397.0
39125,20.0,160.0
39127,17.0,301.0
39129,77.0,559.0
39131,,307.0
39133,127.0,1565.0
39135,27.0,345.0
39137,48.0,299.0
39139,193.0,1829.0
39141,146.0,1270.0
39143,80.0,661.0
39145,121.0,1470.0
39147,75.0,603.0
39149,46.0,481.0
39151,925.0,5998.0
39153,881.0,7799.0
39155,317.0,2627.0
39157,229.0,1420.0
39159,27.0,425.0
39161,45.0,289.0
39163,,125.0
39165,230.0,2310.0
39167,143.0,1075.0
39169,182.0,1362.0
39171,60.0,346.0
39173,125.0,1454.0
39175,38.0,285.0
40001,11.0,193.0
40005,12.0,153.0
40007,,43.0
40009,56.0,301.0
40011,11.0,111.0
40013,94.0,600.0
40015,36.0,307.0
40017,80.0,900.0
40019,102.0,720.0
40021,90.0,593.0
40023,14.0,206.0
40027,362.0,2513.0
40029,,82.0
40031,174.0,1421.0
40033,,42.0
40035,12.0,181.0
40037,53.0,677.0
40039,65.0,373.0
40041,79.0,580.0
40043,11.0,67.0
40047,181.0,965.0
40049,25.0,302.0
40051,70.0,561.0
40053,,46.0
40055,,56.0
40057,,32.0
40059,,43.0
40061,,117.0
40063,17.0,176.0
40065,59.0,290.0
40067,,58.0
40069,11.0,102.0
40071,96.0,609.0
40073,23.0,149.0
40075,21.0,145.0
40077,,99.0
40079,19.0,489.0
40081,26.0,314.0
40083,36.0,299.0
40085,17.0,134.0
40087,28.0,313.0
40089,33.0,388.0
40091,12.0,246.0
40093,18.0,106.0
40095,,149.0
40097,24.0,370.0
40099,16.0,205.0
40101,177.0,1212.0
40103,,121.0
40105,,90.0
40107,,132.0
40109,1925.0,13265.0
40111,27.0,405.0
40113,19.0,307.0
40115,46.0,379.0
40117,11.0,181.0
40119,64.0,632.0
40121,112.0,729.0
40123,92.0,520.0
40125,128.0,1023.0
40127,10.0,139.0
40131,65.0,877.0
40133,15.0,275.0
40135,26.0,430.0
40137,99.0,629.0
40139,17.0,115.0
40141,0.0,60.0
40143,1634.0,10782.0
40145,17.0,443.0
40147,141.0,918.0
40149,12.0,116.0
40151,16.0,94.0
40153,44.0,228.0
41001,,250.0
41003,27.0,771.0
41005,157.0,3992.0
41007,,407.0
41009,,287.0
41011,17.0,976.0
41013,,237.0
41015,,411.0
41017,88.0,2002.0
41019,33.0,1718.0
41023,,90.0
41025,,87.0
41027,20.0,207.0
41029,96.0,3022.0
41031,,212.0
41033,41.0,1373.0
41035,46.0,972.0
41037,,95.0
41039,100.0,4619.0
41041,13.0,563.0
41043,39.0,1528.0
41045,16.0,300.0
41047,219.0,3414.0
41049,,51.0
41051,610.0,8328.0
41053,16.0,670.0
41057,,292.0
41059,54.0,721.0
41061,11.0,290.0
41063,,61.0
41065,27.0,368.0
41067,252.0,4263.0
41071,46.0,1057.0
42001,121.0,1088.0
42003,2171.0,21157.0
42005,74.0,784.0
42007,290.0,2417.0
42009,61.0,532.0
42011,802.0,5032.0
42013,358.0,2573.0
42015,120.0,1121.0
42017,1052.0,7738.0
42019,375.0,2555.0
42021,366.0,2386.0
42023,,50.0
42025,90.0,791.0
42027,214.0,1378.0
42029,800.0,5462.0
42031,65.0,477.0
42033,119.0,1189.0
42035,20.0,322.0
42037,62.0,611.0
42039,125.0,1127.0
42041,550.0,3466.0
42043,604.0,4443.0
42045,1144.0,6635.0
42047,28.0,337.0
42049,453.0,4310.0
42051,220.0,1796.0
42053,14.0,82.0
42055,316.0,2056.0
42057,,148.0
42059,21.0,416.0
42061,75.0,469.0
42063,122.0,1055.0
42065,74.0,569.0
42067,47.0,279.0
42069,449.0,3817.0
42071,936.0,6749.0
42073,141.0,1317.0
42075,216.0,1900.0
42077,1158.0,6502.0
42079,683.0,5260.0
42081,288.0,1857.0
42083,54.0,521.0
42085,217.0,1750.0
42087,177.0,801.0
42089,240.0,1789.0
42091,1959.0,11350.0
42093,329.0,1693.0
42095,487.0,3491.0
42097,202.0,1135.0
42099,33.0,384.0
42101,2848.0,20674.0
42103,17.0,381.0
42105,11.0,214.0
42107,271.0,2071.0
42109,17.0,293.0
42111,176.0,1177.0
42113,10.0,21.0
42115,43.0,486.0
42117,73.0,460.0
42119,119.0,629.0
42121,75.0,718.0
42123,77.0,545.0
42125,233.0,3037.0
42127,58.0,689.0
42129,507.0,4686.0
42131,26.0,215.0
42133,665.0,5428.0
44001,75.0,454.0
44003,269.0,1948.0
44005,22.0,681.0
44007,1828.0,8915.0
44009,122.0,1309.0
45001,12.0,251.0
45003,167.0,2047.0
45005,,85.0
45007,390.0,3099.0
45009,,168.0
45011,14.0,201.0
45013,128.0,1870.0
45015,86.0,1688.0
45017,16.0,149.0
45019,579.0,5923.0
45021,26.0,573.0
45023,27.0,386.0
45025,49.0,509.0
45027,39.0,349.0
45029,70.0,647.0
45031,110.0,749.0
45033,38.0,398.0
45035,93.0,1099.0
45037,,191.0
45039,31.0,263.0
45041,577.0,3651.0
45043,148.0,1171.0
45045,757.0,6629.0
45047,178.0,1334.0
45049,27.0,204.0
45051,455.0,5037.0
45053,38.0,359.0
45055,63.0,738.0
45057,98.0,942.0
45059,78.0,859.0
45061,12.0,141.0
45063,343.0,3441.0
45065,,12.0
45067,47.0,386.0
45069,,211.0
45071,68.0,498.0
45073,101.0,1111.0
45075,193.0,1351.0
45077,116.0,1161.0
45079,568.0,5138.0
45081,14.0,186.0
45083,719.0,4864.0
45085,134.0,1381.0
45087,10.0,332.0
45089,24.0,318.0
45091,174.0,2678.0
46003,,31.0
46005,32.0,197.0
46007,,34.0
46009,14.0,90.0
46011,32.0,238.0
46013,105.0,554.0
46015,,76.0
46019,15.0,83.0
46023,,128.0
46027,,83.0
46029,64.0,364.0
46033,,81.0
46035,59.0,283.0
46037,24.0,95.0
46043,,46.0
46045,,58.0
46047,,121.0
46049,,31.0
46051,34.0,108.0
46053,23.0,74.0
46055,,32.0
46057,37.0,102.0
46059,,48.0
46065,37.0,228.0
46067,18.0,106.0
46071,,22.0
46073,15.0,34.0
46077,,60.0
46079,14.0,78.0
46081,34.0,253.0
46083,45.0,310.0
46085,,20.0
46087,24.0,75.0
46091,,31.0
46093,36.0,243.0
46097,,36.0
46099,714.0,3376.0
46101,10.0,61.0
46103,203.0,1579.0
46105,,22.0
46107,,36.0
46109,23.0,99.0
46113,,93.0
46115,22.0,89.0
46121,,61.0
46123,,74.0
46125,38.0,132.0
46127,,88.0
46129,11.0,68.0
46135,61.0,371.0
46137,,28.0
47001,156.0,1450.0
47003,47.0,456.0
47005,10.0,185.0
47007,,128.0
47009,145.0,1732.0
47011,112.0,1413.0
47013,27.0,619.0
47015,14.0,160.0
47017,60.0,477.0
47019,98.0,850.0
47021,10.0,363.0
47023,14.0,168.0
47025,40.0,458.0
47027,19.0,109.0
47029,70.0,597.0
47031,70.0,780.0
47033,26.0,198.0
47035,98.0,1076.0
47037,1601.0,12201.0
47039,,180.0
47041,22.0,263.0
47043,131.0,758.0
47045,81.0,633.0
47047,18.0,310.0
47049,16.0,213.0
47051,64.0,626.0
47053,51.0,732.0
47055,49.0,445.0
47057,16.0,256.0
47059,73.0,984.0
47061,,157.0
47063,131.0,1125.0
47065,692.0,6929.0
47067,,71.0
47069,19.0,261.0
47071,26.0,401.0
47073,17.0,630.0
47075,12.0,173.0
47077,36.0,351.0
47079,45.0,559.0
47081,,233.0
47083,,135.0
47085,,197.0
47087,,94.0
47089,85.0,795.0
47091,16.0,174.0
47093,864.0,8528.0
47095,,86.0
47097,,255.0
47099,36.0,559.0
47101,10.0,150.0
47103,33.0,451.0
47105,26.0,564.0
47107,54.0,790.0
47109,16.0,311.0
47111,14.0,236.0
47113,594.0,2766.0
47115,16.0,330.0
47117,17.0,328.0
47119,233.0,1577.0
47121,,134.0
47123,43.0,605.0
47125,153.0,1762.0
47127,,11.0
47129,,186.0
47131,64.0,460.0
47133,39.0,345.0
47135,14.0,90.0
47137,,47.0
47139,,180.0
47141,222.0,1557.0
47143,39.0,432.0
47145,70.0,800.0
47147,62.0,805.0
47149,527.0,3496.0
47151,12.0,239.0
47153,0.0,149.0
47155,111.0,1191.0
47157,1511.0,13644.0
47159,10.0,216.0
47161,10.0,101.0
47163,464.0,4087.0
47165,279.0,2055.0
47167,35.0,492.0
47169,,82.0
47171,16.0,274.0
47173,,194.0
47175,,65.0
47177,51.0,522.0
47179,386.0,3035.0
47181,,180.0
47183,22.0,396.0
47185,21.0,348.0
47187,199.0,1581.0
47189,125.0,1285.0
48001,98.0,700.0
48003,21.0,119.0
48005,234.0,1406.0
48007,,294.0
48009,,42.0
48013,80.0,496.0
48015,,236.0
48017,,48.0
48019,,175.0
48021,11.0,656.0
48023,,71.0
48025,28.0,265.0
48027,425.0,3769.0
48029,3627.0,21392.0
48031,,103.0
48035,,244.0
48037,333.0,1981.0
48039,292.0,2669.0
48041,361.0,2036.0
48043,,82.0
48047,,53.0
48049,108.0,668.0
48051,,181.0
48053,65.0,578.0
48055,31.0,335.0
48057,12.0,189.0
48059,10.0,141.0
48061,1476.0,5009.0
48063,12.0,158.0
48065,,54.0
48067,25.0,412.0
48069,10.0,60.0
48071,14.0,279.0
48073,85.0,550.0
48075,,102.0
48077,,83.0
48081,,53.0
48083,17.0,143.0
48085,1096.0,8003.0
48087,,42.0
48089,14.0,238.0
48091,277.0,1814.0
48093,30.0,203.0
48097,39.0,423.0
48099,25.0,443.0
48103,12.0,59.0
48105,,43.0
48107,,69.0
48113,3130.0,22736.0
48115,26.0,133.0
48117,26.0,144.0
48119,,61.0
48121,692.0,5410.0
48123,42.0,244.0
48127,,12.0
48129,,32.0
48131,,73.0
48133,14.0,248.0
48135,424.0,1977.0
48139,201.0,1549.0
48141,2476.0,9619.0
48143,33.0,331.0
48145,,121.0
48147,39.0,375.0
48149,17.0,332.0
48151,0.0,32.0
48153,22.0,79.0
48155,,30.0
48157,491.0,4486.0
48159,,82.0
48161,18.0,220.0
48163,18.0,166.0
48165,,104.0
48167,476.0,3433.0
48171,45.0,434.0
48175,,38.0
48177,22.0,203.0
48179,44.0,273.0
48181,412.0,2382.0
48183,431.0,2464.0
48185,12.0,215.0
48187,127.0,1218.0
48189,96.0,359.0
48191,,
48193,19.0,125.0
48195,,41.0
48197,,30.0
48199,19.0,416.0
48201,5232.0,40028.0
48203,36.0,534.0
48205,,63.0
48207,10.0,73.0
48209,139.0,1522.0
48211,,29.0
48213,84.0,1068.0
48215,2403.0,8217.0
48217,36.0,399.0
48219,42.0,203.0
48221,91.0,838.0
48223,117.0,596.0
48225,14.0,275.0
48227,59.0,429.0
48229,,36.0
48231,128.0,1115.0
48233,31.0,226.0
48237,,70.0
48239,,111.0
48241,20.0,423.0
48245,513.0,4043.0
48247,,29.0
48249,41.0,358.0
48251,106.0,1300.0
48253,10.0,158.0
48255,19.0,137.0
48257,74.0,958.0
48259,32.0,436.0
48265,73.0,894.0
48267,,46.0
48273,54.0,310.0
48275,12.0,62.0
48277,172.0,970.0
48279,35.0,159.0
48281,,217.0
48283,,43.0
48285,45.0,266.0
48287,10.0,140.0
48289,,140.0
48291,41.0,611.0
48293,32.0,310.0
48295,,16.0
48297,,104.0
48299,27.0,314.0
48303,1350.0,5450.0
48305,,
48307,,91.0
48309,551.0,3444.0
48313,,160.0
48315,,104.0
48317,,35.0
48321,56.0,372.0
48323,145.0,546.0
48325,16.0,384.0
48327,,30.0
48329,302.0,1552.0
48331,13.0,203.0
48333,,67.0
48335,,78.0
48337,27.0,278.0
48339,780.0,6687.0
48341,43.0,143.0
48343,,
48347,188.0,946.0
48349,85.0,585.0
48351,10.0,124.0
48353,43.0,222.0
48355,854.0,4974.0
48357,13.0,74.0
48361,12.0,695.0
48363,46.0,387.0
48365,23.0,294.0
48367,87.0,1120.0
48369,23.0,77.0
48371,,129.0
48373,43.0,662.0
48375,822.0,3154.0
48377,,26.0
48379,,89.0
48381,68.0,851.0
48383,,20.0
48385,,44.0
48387,,161.0
48389,15.0,123.0
48391,,61.0
48395,10.0,169.0
48397,207.0,1119.0
48399,25.0,150.0
48401,34.0,497.0
48403,14.0,147.0
48405,17.0,143.0
48407,,224.0
48409,21.0,482.0
48411,,66.0
48415,37.0,176.0
48419,,222.0
48421,,21.0
48423,856.0,4988.0
48425,17.0,123.0
48427,81.0,402.0
48429,,88.0
48431,,11.0
48433,,28.0
48437,,70.0
48439,3219.0,20998.0
48441,515.0,2396.0
48445,19.0,140.0
48449,64.0,428.0
48451,343.0,1798.0
48453,1022.0,8585.0
48455,,153.0
48457,17.0,262.0
48459,15.0,363.0
48461,,28.0
48463,38.0,310.0
48465,97.0,410.0
48467,34.0,549.0
48469,318.0,1478.0
48471,65.0,579.0
48473,12.0,291.0
48475,,90.0
48477,52.0,398.0
48479,702.0,2450.0
48481,44.0,410.0
48483,,60.0
48485,404.0,2208.0
48487,41.0,189.0
48489,,75.0
48491,503.0,4429.0
48493,28.0,437.0
48495,,57.0
48497,129.0,830.0
48499,30.0,509.0
48501,,64.0
48503,28.0,303.0
48505,,57.0
49001,,51.0
49003,10.0,453.0
49005,28.0,676.0
49007,,230.0
49011,132.0,2260.0
49013,,133.0
49015,,80.0
49017,,57.0
49019,0.0,81.0
49021,14.0,391.0
49023,,88.0
49027,,106.0
49029,,59.0
49035,968.0,9882.0
49037,14.0,106.0
49039,,212.0
49041,,230.0
49043,,118.0
49045,20.0,410.0
49047,12.0,275.0
49049,352.0,3605.0
49051,,184.0
49053,242.0,2216.0
49057,206.0,2569.0
51001,30.0,487.0
51003,89.0,1292.0
51005,30.0,281.0
51007,13.0,162.0
51009,14.0,218.0
51011,,131.0
51013,293.0,1813.0
51015,129.0,1152.0
51017,,84.0
51019,21.0,785.0
51021,,71.0
51023,,307.0
51025,,109.0
51027,14.0,240.0
51029,,113.0
51031,15.0,489.0
51033,12.0,241.0
51035,27.0,314.0
51041,265.0,3125.0
51043,,138.0
51047,52.0,493.0
51051,,149.0
51057,,174.0
51059,865.0,6823.0
51061,43.0,605.0
51063,14.0,151.0
51065,,178.0
51067,30.0,587.0
51069,20.0,530.0
51071,,239.0
51073,52.0,608.0
51075,,131.0
51077,13.0,167.0
51079,,27.0
51081,,85.0
51083,73.0,562.0
51085,222.0,1785.0
51087,525.0,4481.0
51089,17.0,465.0
51093,13.0,291.0
51095,33.0,912.0
51099,,142.0
51103,,204.0
51105,16.0,221.0
51107,243.0,2259.0
51109,,252.0
51113,,122.0
51115,,113.0
51117,50.0,554.0
51119,14.0,165.0
51121,94.0,934.0
51131,15.0,150.0
51133,,99.0
51135,10.0,190.0
51137,,328.0
51139,39.0,306.0
51141,19.0,217.0
51143,19.0,489.0
51145,0.0,162.0
51147,21.0,325.0
51149,,18.0
51153,267.0,2221.0
51155,46.0,468.0
51159,,110.0
51161,41.0,814.0
51163,15.0,220.0
51165,144.0,1068.0
51167,,299.0
51169,15.0,239.0
51171,74.0,559.0
51173,37.0,433.0
51175,15.0,138.0
51177,42.0,893.0
51179,13.0,641.0
51181,,45.0
51183,,85.0
51185,39.0,646.0
51187,23.0,351.0
51191,103.0,860.0
51193,,160.0
51195,58.0,422.0
51197,47.0,463.0
51199,51.0,625.0
51510,168.0,1102.0
51520,23.0,262.0
51530,11.0,75.0
51540,129.0,1330.0
51550,166.0,2182.0
51570,22.0,265.0
51590,115.0,989.0
51595,25.0,133.0
51600,21.0,267.0
51610,,82.0
51620,41.0,199.0
51630,111.0,1077.0
51640,57.0,226.0
51650,112.0,1492.0
51660,39.0,334.0
51670,60.0,443.0
51678,31.0,173.0
51680,318.0,2070.0
51683,161.0,648.0
51690,105.0,558.0
51700,208.0,2488.0
51710,266.0,3434.0
51720,,182.0
51730,127.0,995.0
51735,,102.0
51740,133.0,1355.0
51750,11.0,133.0
51760,300.0,3908.0
51770,315.0,2951.0
51775,131.0,1103.0
51790,17.0,324.0
51800,184.0,1171.0
51810,225.0,3880.0
51820,11.0,203.0
51840,175.0,1393.0
50001,,299.0
50003,,550.0
50005,,320.0
50007,94.0,1906.0
50011,28.0,430.0
50015,,199.0
50017,,217.0
50019,,291.0
50021,,726.0
50023,11.0,648.0
50025,,393.0
50027,,565.0
53001,,99.0
53003,21.0,271.0
53005,258.0,2330.0
53007,106.0,1127.0
53009,,1089.0
53011,199.0,4703.0
53013,,50.0
53015,25.0,1418.0
53017,,201.0
53019,,77.0
53021,80.0,399.0
53025,60.0,714.0
53027,28.0,855.0
53029,27.0,613.0
53031,,385.0
53033,1306.0,17112.0
53035,56.0,2384.0
53037,25.0,319.0
53039,,155.0
53041,26.0,935.0
53043,,90.0
53045,17.0,624.0
53047,25.0,396.0
53049,,260.0
53051,,160.0
53053,489.0,8861.0
53055,0.0,111.0
53057,56.0,1519.0
53061,422.0,6508.0
53063,555.0,6669.0
53065,12.0,364.0
53067,85.0,2912.0
53071,59.0,774.0
53073,97.0,2165.0
53075,33.0,314.0
53077,355.0,2591.0
55001,,209.0
55003,19.0,204.0
55005,56.0,571.0
55007,,127.0
55009,422.0,3427.0
55011,0.0,82.0
55013,14.0,148.0
55015,23.0,333.0
55017,61.0,588.0
55019,33.0,326.0
55021,43.0,600.0
55023,,148.0
55025,468.0,5606.0
55027,163.0,1160.0
55029,22.0,364.0
55031,54.0,394.0
55033,18.0,323.0
55035,188.0,1595.0
55037,,55.0
55039,133.0,1280.0
55041,,79.0
55043,54.0,526.0
55045,23.0,427.0
55047,16.0,264.0
55049,11.0,197.0
55051,31.0,100.0
55053,13.0,222.0
55055,75.0,822.0
55057,13.0,239.0
55059,347.0,2014.0
55061,18.0,154.0
55063,191.0,1862.0
55065,,106.0
55067,29.0,226.0
55069,60.0,375.0
55071,67.0,934.0
55073,293.0,1974.0
55075,68.0,645.0
55077,12.0,155.0
55079,1281.0,12324.0
55081,31.0,501.0
55083,25.0,350.0
55085,64.0,640.0
55087,310.0,2178.0
55089,179.0,1408.0
55091,,55.0
55093,27.0,282.0
55095,40.0,470.0
55097,51.0,572.0
55099,,149.0
55101,291.0,2181.0
55103,11.0,203.0
55105,170.0,2042.0
55107,15.0,160.0
55109,46.0,722.0
55111,46.0,723.0
55113,16.0,238.0
55115,55.0,502.0
55117,172.0,1466.0
55119,36.0,195.0
55121,29.0,254.0
55123,33.0,358.0
55125,15.0,237.0
55127,116.0,1058.0
55129,11.0,213.0
55131,119.0,1346.0
55133,577.0,4553.0
55135,114.0,765.0
55137,,253.0
55139,222.0,2158.0
55141,158.0,1513.0
54001,,167.0
54003,88.0,1150.0
54005,10.0,226.0
54007,,107.0
54009,97.0,503.0
54011,215.0,2430.0
54013,0.0,71.0
54015,0.0,76.0
54019,23.0,418.0
54021,,
54023,12.0,174.0
54025,56.0,546.0
54027,16.0,222.0
54029,27.0,291.0
54031,,103.0
54033,80.0,1110.0
54035,20.0,262.0
54037,19.0,638.0
54039,369.0,3793.0
54041,,196.0
54043,0.0,150.0
54045,49.0,505.0
54047,,229.0
54049,,528.0
54051,57.0,354.0
54053,13.0,229.0
54055,78.0,950.0
54057,41.0,259.0
54059,,160.0
54061,256.0,2158.0
54063,,105.0
54065,,168.0
54067,0.0,208.0
54069,188.0,1268.0
54071,,69.0
54075,,90.0
54077,23.0,310.0
54079,57.0,482.0
54081,73.0,1619.0
54083,19.0,412.0
54085,,64.0
54087,,123.0
54089,,129.0
54091,11.0,184.0
54095,,
54097,16.0,245.0
54099,22.0,312.0
54101,0.0,62.0
54103,10.0,157.0
54107,141.0,1275.0
54109,,163.0
56001,10.0,237.0
56003,20.0,136.0
56005,40.0,341.0
56007,,146.0
56009,15.0,125.0
56011,,85.0
56013,47.0,478.0
56015,16.0,154.0
56017,,79.0
56019,,93.0
56021,107.0,1123.0
56023,,147.0
56025,171.0,1203.0
56029,19.0,349.0
56031,,102.0
56033,25.0,353.0
56035,,53.0
56037,31.0,392.0
56039,,106.0
56041,,168.0
56043,20.0,101.0
56045,,67.0
